"review","sentiment"
"This product is absolutely amazing and I love it","1"
"Terrible experience I will never buy this again","0"
"Great quality highly recommend to everyone","1"
"Worst purchase I have ever made in my life","0"
"Very happy with this product works perfectly","1"
"Complete waste of money do not buy","0"
"Excellent service and fast delivery loved it","1"
"Broken on arrival and customer service was useless","0"
"Outstanding quality and great value for money","1"
"Disappointing product nothing like the description","0"
"I am so pleased with this purchase fantastic","1"
"This is the worst product I have ever used","0"
"Really good exceeded my expectations completely","1"
"Awful quality fell apart after one day","0"
"Highly satisfied will definitely purchase again","1"
"Do not waste your time or money on this","0"
"Beautiful design and works exactly as described","1"
"Garbage product completely useless","0"
"Perfect gift my family absolutely loved it","1"
"Very poor quality and overpriced for what it is","0"
"Amazing product does exactly what it promises","1"
"I regret buying this totally not worth it","0"
"Super happy with my order came quickly","1"
"Defective product and impossible to return","0"
"Five stars best product I have bought this year","1"
"One star absolute rubbish stay away","0"
"Loving every bit of this product great buy","1"
"Huge disappointment expected much better quality","0"
"Works like a charm so glad I purchased this","1"
"Total scam nothing like advertised","0"
"Incredible value I am very impressed overall","1"
"Broke after one use terrible build quality","0"
"Best purchase decision I have made recently","1"
"Completely useless and a waste of money","0"
"So satisfied with this would buy again easily","1"
"Worst customer experience I have ever had","0"
"This product changed my life absolutely love it","1"
"Never buying from this brand again terrible","0"
"Very well made and arrived on time happy","1"
"Shocking quality for the price very unhappy","0"
"Brilliant product everything I hoped for","1"
"Really bad product nothing works as expected","0"
"Good value and good quality I am happy","1"
"Total disappointment do not recommend to anyone","0"
"Delighted with my purchase it is fantastic","1"
"This product is a complete joke very bad","0"
"Great product at a great price very pleased","1"
"Nothing positive to say about this product","0"
"Love it so much buying more for friends","1"
"Incredibly bad poor materials and construction","0"
"Perfect in every way highly recommend this","1"
"The worst thing I have ever bought online","0"
"Fast shipping and great product overall","1"
"Useless and overpriced save your money","0"
"Such a great find I am truly impressed","1"
"Stopped working after two days poor quality","0"
"Excellent product and would buy it again","1"
"Not worth a single penny terrible product","0"
"I am thrilled with this purchase amazing","1"
"Very bad quality extremely disappointed today","0"
"This made me so happy best buy ever","1"
"Complete garbage avoid at all costs","0"
"Wonderful experience from start to finish","1"
"Terrible product nothing works as advertised","0"
"Really impressed by the quality and design","1"
"Cheap and flimsy broke immediately on use","0"
"Absolutely love this it is worth every penny","1"
"Regret this purchase completely waste of time","0"
"Great purchase arrived quickly and works well","1"
"Disgusting quality will be returning this","0"
"So pleased with this item highly recommend","1"
"Very dissatisfied with this purchase overall","0"
"Best product in its category truly excellent","1"
"Falling apart after first use shocking","0"
"Really happy customer here great product","1"
"Overpriced junk that does not work at all","0"
"Could not be happier with this purchase","1"
"Poorly made and instructions were terrible","0"
"Such good quality will recommend to others","1"
"Dreadful experience customer service ignored me","0"
"Loving this product it works perfectly well","1"
"Nothing but problems since the day I got it","0"
"Outstanding product better than expected","1"
"Completely broken do not purchase this","0"
"Very good product and great customer service","1"
"Awful product throwing it in the trash","0"
"I am impressed with the build quality","1"
"Junk product and dishonest seller avoid","0"
"Magnificent product truly worth every cent","1"
"Broken and useless money down the drain","0"
"This is great I could not be more pleased","1"
"This product ruined my day really bad","0"
"Nice quality item fast shipping too","1"
"Shocking quality for such a high price","0"
"Really good product I am very satisfied","1"
"Waste of money and time terrible product","0"
"Loving my purchase it is just perfect","1"
"Such a bad experience with this product","0"
"Would highly recommend this to any buyer","1"
"Extremely poor quality never again","0"
